{
    "openapi": "3.0.0",
    "info": {
        "title": "API Documentation",
        "description": "Документация API",
        "version": "1.0.0"
    },
    "servers": [
        {
            "url": "http://localhost:8000/api",
            "description": "Основной API сервер"
        }
    ],
    "paths": {
        "/auth/token-login": {
            "post": {
                "tags": [
                    "Authentication"
                ],
                "summary": "Аутентификация по внешнему JWT",
                "description": "Принимает JWT от внешнего провайдера, валидирует его и возвращает токен приложения.",
                "operationId": "authTokenLogin",
                "requestBody": {
                    "description": "Данные для аутентификации",
                    "required": true,
                    "content": {
                        "application/json": {
                            "schema": {
                                "required": [
                                    "provider",
                                    "token"
                                ],
                                "properties": {
                                    "provider": {
                                        "description": "Провайдер аутентификации",
                                        "type": "string",
                                        "example": "test"
                                    },
                                    "token": {
                                        "description": "JWT токен от внешнего провайдера",
                                        "type": "string",
                                        "example": "eyJhbGciOiJIUzI1NiIsInR5cCI6IkpXVCJ9..."
                                    }
                                },
                                "type": "object"
                            }
                        }
                    }
                },
                "responses": {
                    "200": {
                        "description": "Успешная аутентификация",
                        "content": {
                            "application/json": {
                                "schema": {
                                    "properties": {
                                        "access_token": {
                                            "description": "JWT токен для доступа к API",
                                            "type": "string"
                                        },
                                        "token_type": {
                                            "description": "Тип токена",
                                            "type": "string",
                                            "example": "bearer"
                                        },
                                        "expires_in": {
                                            "description": "Время жизни токена в секундах",
                                            "type": "integer",
                                            "example": 3600
                                        },
                                        "user": {
                                            "properties": {
                                                "id": {
                                                    "type": "integer",
                                                    "example": 1
                                                },
                                                "name": {
                                                    "type": "string",
                                                    "example": "John Doe"
                                                },
                                                "email": {
                                                    "type": "string",
                                                    "example": "john@example.com"
                                                },
                                                "provider": {
                                                    "type": "string",
                                                    "example": "test"
                                                },
                                                "provider_id": {
                                                    "type": "string",
                                                    "example": "1234567890"
                                                }
                                            },
                                            "type": "object"
                                        }
                                    },
                                    "type": "object"
                                }
                            }
                        }
                    },
                    "401": {
                        "description": "Ошибка аутентификации",
                        "content": {
                            "application/json": {
                                "schema": {
                                    "properties": {
                                        "error": {
                                            "type": "string",
                                            "example": "Unauthorized"
                                        },
                                        "message": {
                                            "type": "string",
                                            "example": "Authentication failed. Please try again."
                                        }
                                    },
                                    "type": "object"
                                }
                            }
                        }
                    },
                    "422": {
                        "description": "Ошибка валидации",
                        "content": {
                            "application/json": {
                                "schema": {
                                    "properties": {
                                        "error": {
                                            "type": "string",
                                            "example": "The given data was invalid."
                                        },
                                        "errors": {
                                            "properties": {
                                                "provider": {
                                                    "type": "array",
                                                    "items": {
                                                        "type": "string",
                                                        "example": "The provider field is required."
                                                    }
                                                },
                                                "token": {
                                                    "type": "array",
                                                    "items": {
                                                        "type": "string",
                                                        "example": "The token field is required."
                                                    }
                                                }
                                            },
                                            "type": "object"
                                        }
                                    },
                                    "type": "object"
                                }
                            }
                        }
                    },
                    "429": {
                        "description": "Слишком много запросов",
                        "content": {
                            "application/json": {
                                "schema": {
                                    "properties": {
                                        "error": {
                                            "type": "string",
                                            "example": "Too Many Attempts."
                                        }
                                    },
                                    "type": "object"
                                }
                            }
                        }
                    }
                },
                "security": []
            }
        },
        "/logout": {
            "get": {
                "tags": [
                    "Authentication"
                ],
                "summary": "Выход из системы с JWT",
                "description": "Аннулирует текущий JWT токен пользователя.",
                "operationId": "authLogout",
                "responses": {
                    "200": {
                        "description": "Успешный выход из системы",
                        "content": {
                            "application/json": {
                                "schema": {
                                    "properties": {
                                        "message": {
                                            "type": "string",
                                            "example": "Successfully logged out"
                                        }
                                    },
                                    "type": "object"
                                }
                            }
                        }
                    },
                    "401": {
                        "description": "Неавторизованный доступ",
                        "content": {
                            "application/json": {
                                "schema": {
                                    "properties": {
                                        "message": {
                                            "type": "string",
                                            "example": "Unauthorized."
                                        }
                                    },
                                    "type": "object"
                                }
                            }
                        }
                    }
                },
                "security": [
                    {
                        "bearerAuth": []
                    }
                ]
            }
        },
        "/exchange-rates/convert": {
            "get": {
                "tags": [
                    "Exchange Rates"
                ],
                "summary": "Конвертация валют",
                "description": "Конвертирует сумму из одной валюты в другую на заданную дату.",
                "operationId": "769e46d1b20a951b5b02afc12450574b",
                "parameters": [
                    {
                        "name": "amount",
                        "in": "query",
                        "description": "Сумма для конвертации",
                        "required": true,
                        "schema": {
                            "type": "number",
                            "format": "float"
                        }
                    },
                    {
                        "name": "from",
                        "in": "query",
                        "description": "Код исходной валюты (например, USD)",
                        "required": true,
                        "schema": {
                            "type": "string"
                        }
                    },
                    {
                        "name": "to",
                        "in": "query",
                        "description": "Код целевой валюты (например, EUR)",
                        "required": true,
                        "schema": {
                            "type": "string"
                        }
                    },
                    {
                        "name": "date",
                        "in": "query",
                        "description": "Дата курса (Y-m-d). По умолчанию - сегодня.",
                        "required": false,
                        "schema": {
                            "type": "string",
                            "format": "date"
                        }
                    }
                ],
                "responses": {
                    "200": {
                        "description": "Успешная конвертация",
                        "content": {
                            "application/json": {
                                "schema": {
                                    "properties": {
                                        "converted_amount": {
                                            "type": "number",
                                            "format": "float",
                                            "example": 85.5
                                        },
                                        "rate_used": {
                                            "type": "number",
                                            "format": "float",
                                            "example": 0.855
                                        },
                                        "date": {
                                            "type": "string",
                                            "format": "date",
                                            "example": "2023-10-27"
                                        }
                                    },
                                    "type": "object"
                                }
                            }
                        }
                    },
                    "400": {
                        "description": "Ошибка валидации или отсутствующий курс"
                    },
                    "500": {
                        "description": "Внутренняя ошибка сервера"
                    }
                },
                "security": []
            }
        },
        "/exchange-rates/history": {
            "get": {
                "tags": [
                    "Exchange Rates"
                ],
                "summary": "История курсов валют",
                "description": "Получает исторические курсы для пары валют в заданном диапазоне дат.",
                "operationId": "da8f07e1ecec52ce544d523b46e09e47",
                "parameters": [
                    {
                        "name": "base",
                        "in": "query",
                        "description": "Код базовой валюты (например, RUB)",
                        "required": true,
                        "schema": {
                            "type": "string"
                        }
                    },
                    {
                        "name": "target",
                        "in": "query",
                        "description": "Код целевой валюты (например, USD)",
                        "required": true,
                        "schema": {
                            "type": "string"
                        }
                    },
                    {
                        "name": "start_date",
                        "in": "query",
                        "description": "Начальная дата (Y-m-d)",
                        "required": true,
                        "schema": {
                            "type": "string",
                            "format": "date"
                        }
                    },
                    {
                        "name": "end_date",
                        "in": "query",
                        "description": "Конечная дата (Y-m-d)",
                        "required": true,
                        "schema": {
                            "type": "string",
                            "format": "date"
                        }
                    }
                ],
                "responses": {
                    "200": {
                        "description": "Список исторических курсов",
                        "content": {
                            "application/json": {
                                "schema": {
                                    "type": "array",
                                    "items": {
                                        "properties": {
                                            "date": {
                                                "type": "string",
                                                "format": "date"
                                            },
                                            "rate": {
                                                "type": "number",
                                                "format": "float"
                                            }
                                        },
                                        "type": "object"
                                    }
                                }
                            }
                        }
                    },
                    "400": {
                        "description": "Ошибка валидации"
                    },
                    "500": {
                        "description": "Внутренняя ошибка сервера"
                    }
                },
                "security": []
            }
        },
        "/auth/tokens": {
            "post": {
                "tags": [
                    "Sanctum Token Management"
                ],
                "summary": "Получение токена аутентификации Sanctum",
                "description": "Аутентификация пользователя по email и паролю и выдача API токена Sanctum.",
                "operationId": "loginApi",
                "requestBody": {
                    "description": "Данные для аутентификации",
                    "required": true,
                    "content": {
                        "application/json": {
                            "schema": {
                                "required": [
                                    "email",
                                    "password"
                                ],
                                "properties": {
                                    "email": {
                                        "type": "string",
                                        "format": "email",
                                        "example": "user@example.com"
                                    },
                                    "password": {
                                        "type": "string",
                                        "format": "password",
                                        "example": "password"
                                    }
                                },
                                "type": "object"
                            }
                        }
                    }
                },
                "responses": {
                    "200": {
                        "description": "Успешная аутентификация",
                        "content": {
                            "application/json": {
                                "schema": {
                                    "properties": {
                                        "token": {
                                            "description": "Sanctum API токен",
                                            "type": "string"
                                        },
                                        "user": {
                                            "properties": {
                                                "id": {
                                                    "type": "integer",
                                                    "example": 1
                                                },
                                                "name": {
                                                    "type": "string",
                                                    "example": "John Doe"
                                                },
                                                "email": {
                                                    "type": "string",
                                                    "example": "user@example.com"
                                                }
                                            },
                                            "type": "object"
                                        }
                                    },
                                    "type": "object"
                                }
                            }
                        }
                    },
                    "401": {
                        "description": "Неверные учетные данные",
                        "content": {
                            "application/json": {
                                "schema": {
                                    "properties": {
                                        "message": {
                                            "type": "string",
                                            "example": "Неверные учётные данные"
                                        }
                                    },
                                    "type": "object"
                                }
                            }
                        }
                    },
                    "422": {
                        "description": "Ошибка валидации",
                        "content": {
                            "application/json": {
                                "schema": {
                                    "$ref": "#/components/schemas/Error"
                                }
                            }
                        }
                    }
                },
                "security": []
            }
        },
        "/auth/tokens/logout": {
            "get": {
                "tags": [
                    "Sanctum Token Management"
                ],
                "summary": "Выход из системы и удаление токенов Sanctum",
                "description": "Аннулирует все API токены Sanctum текущего пользователя. Для аутентификации требуется API-ключ Sanctum (X-API-Key header или api_key query parameter).",
                "operationId": "logoutApi",
                "parameters": [
                    {
                        "name": "api_key",
                        "in": "query",
                        "description": "API ключ Sanctum (альтернатива X-API-Key header)",
                        "required": false,
                        "schema": {
                            "type": "string"
                        }
                    }
                ],
                "responses": {
                    "200": {
                        "description": "Успешный выход из системы",
                        "content": {
                            "application/json": {
                                "schema": {
                                    "properties": {
                                        "message": {
                                            "type": "string",
                                            "example": "Вы вышли из системы"
                                        }
                                    },
                                    "type": "object"
                                }
                            }
                        }
                    },
                    "401": {
                        "description": "Неавторизованный доступ",
                        "content": {
                            "application/json": {
                                "schema": {
                                    "properties": {
                                        "error": {
                                            "type": "string",
                                            "example": "Unauthorized"
                                        }
                                    },
                                    "type": "object"
                                }
                            }
                        }
                    }
                },
                "security": [
                    {
                        "apiKeyAuth": []
                    }
                ]
            }
        }
    },
    "components": {
        "schemas": {
            "Error": {
                "properties": {
                    "message": {
                        "type": "string",
                        "example": "Произошла ошибка."
                    },
                    "errors": {
                        "properties": {
                            "field": {
                                "type": "array",
                                "items": {
                                    "type": "string",
                                    "example": "Ошибка валидации для поля."
                                }
                            }
                        },
                        "type": "object"
                    }
                },
                "type": "object"
            },
            "Success": {
                "properties": {
                    "message": {
                        "type": "string",
                        "example": "Успешная операция."
                    },
                    "data": {
                        "type": "object",
                        "example": []
                    }
                },
                "type": "object"
            },
            "User": {
                "properties": {
                    "id": {
                        "type": "integer",
                        "example": 1
                    },
                    "role_id": {
                        "type": "integer",
                        "example": 1
                    },
                    "name": {
                        "type": "string",
                        "example": "John Doe"
                    },
                    "email": {
                        "type": "string",
                        "example": "john@example.com"
                    },
                    "avatar": {
                        "type": "string",
                        "example": ""
                    }
                },
                "type": "object"
            },
            "AuthResponse": {
                "properties": {
                    "access_token": {
                        "description": "JWT токен для доступа к API",
                        "type": "string"
                    },
                    "token_type": {
                        "description": "Тип токена",
                        "type": "string",
                        "example": "bearer"
                    },
                    "expires_in": {
                        "description": "Время жизни токена в секундах",
                        "type": "integer",
                        "example": 3600
                    },
                    "user": {
                        "$ref": "#/components/schemas/User"
                    }
                },
                "type": "object"
            },
            "LoginRequest": {
                "required": [
                    "provider",
                    "token"
                ],
                "properties": {
                    "provider": {
                        "description": "Провайдер аутентификации",
                        "type": "string",
                        "example": "google"
                    },
                    "token": {
                        "description": "JWT токен от внешнего провайдера",
                        "type": "string",
                        "example": "eyJhbGciOiJIUzI1NiIsInR5cCI6IkpXVCJ9..."
                    }
                },
                "type": "object"
            }
        },
        "securitySchemes": {
            "apiKeyAuth": {
                "type": "apiKey",
                "description": "API Key для аутентификации",
                "name": "X-API-KEY",
                "in": "header"
            },
            "bearerAuth": {
                "type": "http",
                "description": "Аутентификация по JWT токену",
                "bearerFormat": "JWT",
                "scheme": "bearer"
            }
        }
    },
    "security": [
        {
            "bearerAuth": []
        }
    ],
    "tags": [
        {
            "name": "Authentication",
            "description": "Аутентификация и управление токенами JWT"
        },
        {
            "name": "Sanctum Token Management",
            "description": "Управление API токенами Sanctum (Наши токены)"
        },
        {
            "name": "Exchange Rates",
            "description": "Exchange Rates"
        }
    ]
}